"","track.name","danceability","energy","loudness","acousticness","valence","tempo"
"1","Rebel Rouser",0.388,0.434,-11.997,0.789,0.873,206.313
"2","Splish Splash",0.645,0.943,-1.526,0.385,0.965,147.768
"3","Bird Dog",0.658,0.706,-9.076,0.686,0.965,141.194
"4","When",0.667,0.426,-11.034,0.656,0.946,92.852
"5","Just a Dream",0.365,0.546,-3.87,0.745,0.725,81.017
"6","My True Love",0.548,0.253,-11.387,0.871,0.238,68.184
"7","Little Star",0.408,0.397,-12.536,0.873,0.697,72.615
"8","Patricia",0.541,0.676,-7.988,0.188,0.911,76.231
"9","Poor Little Fool - Remastered 2005",0.551,0.324,-11.773,0.631,0.809,155.042
"10","Nel Blù Dipinto Di Blù",0.455,0.0907,-16.006,0.989,0.414,123.518
"11","Tiger",0.559,0.914,-8.113,0.777,0.88,167.21
"12","Waterloo",0.363,0.741,-6.688,0.267,0.963,203.107
"13","Lavender Blue",0.468,0.281,-13.322,0.832,0.479,114.61
"14","There Goes My Baby",0.239,0.564,-6.544,0.596,0.642,77.58
"15","Personality",0.591,0.454,-8.936,0.744,0.865,128.909
"16","The Three Bells (Les Trois Cloches)",0.488,0.045,-23.317,0.965,0.417,109.31
"17","My Heart Is An Open Book",0.843,0.12,-17.305,0.611,0.622,128.532
"18","A Big Hunk O' Love",0.536,0.902,-7.817,0.771,0.965,87.471
"19","The Battle of New Orleans",0.682,0.753,-10.863,0.739,0.926,179.805
"20","Lonely Boy",0.623,0.605,-9.923,0.352,0.804,106.163
"21","Because They're Young",0.581,0.644,-10.684,0.526,0.952,121.62
"22","Mule Skinner Blues",0.412,0.555,-5.339,0.928,0.464,126.825
"23","Cathy's Clown - Remastered Album Version",0.507,0.561,-10.472,0.548,0.89,120.042
"24","Walk, Don't Run",0.488,0.648,-13.252,0.852,0.949,156.35
"25","Only the Lonely",0.57,0.529,-10.769,0.377,0.934,123.273
"26","Itsy Bitsy Teenie Weenie Yellow Polka Dot Bikini (Bonus Track)",0.814,0.266,-17.523,0.522,0.965,123.304
"27","Alley Oop",0.647,0.454,-9.954,0.849,0.88,64.56
"28","Everybody's Somebody's Fool",0.587,0.72,-5.214,0.792,0.81,84.272
"29","It's Now or Never",0.643,0.491,-9.312,0.642,0.753,126.399
"30","I'm Sorry - Single Version",0.528,0.112,-17.431,0.938,0.305,102.148
"31","Last Night",0.723,0.565,-4.175,0.448,0.859,126.588
"32","Dum Dum - Single Version",0.698,0.426,-12.414,0.788,0.659,125.996
"33","Moody River - Single Version",0.776,0.391,-9.895,0.697,0.6,129.944
"34","Wooden Heart",0.844,0.462,-9.855,0.713,0.947,84.913
"35","Rain Drops",0.553,0.396,-14.02,0.13,0.697,121.215
"36","Michael/Cotton Fields Medley",0.48,0.237,-18.666,0.86,0.469,103.182
"37","I Like It Like That - Pt. 1",0.577,0.544,-12.315,0.884,0.813,143.914
"38","The Boll Weevil Song",0.731,0.435,-12.78,0.23,0.618,133.171
"39","Quarter to Three",0.498,0.891,-5.636,0.966,0.85,80.476
"40","Tossin' And Turnin' - Stereo Version",0.469,0.932,-5.815,0.399,0.874,141.627
"41","It Keeps Right On A-Hurtin' - 1962 #3Pop; #4Country Billboard Chart Hit",0.311,0.283,-10.358,0.751,0.525,201.96
"42","Sheila",0.375,0.487,-12.612,0.18,0.678,136.991
"43","Palisades Park",0.36,0.82,-6.28,0.404,0.857,83.227
"44","Sealed With A Kiss",0.488,0.285,-11.613,0.792,0.607,91.607
"45","The Wah Watusi",0.768,0.684,-6.116,0.138,0.887,134.116
"46","The Loco-Motion - Single Version",0.636,0.893,-6.311,0.674,0.887,129.664
"47","Breaking Up Is Hard to Do - Remastered",0.743,0.648,-8.773,0.609,0.97,116.37
"48","The Stripper",0.473,0.459,-9.994,0.688,0.56,94.189
"49","I Can't Stop Loving You",0.327,0.326,-10.454,0.6,0.349,79.94
"50","Roses Are Red (My Love) - Single Version",0.515,0.218,-10.071,0.828,0.534,102.997
"51","Candy Girl",0.641,0.498,-8.244,0.707,0.741,126.24
"52","(You're The) Devil in Disguise",0.484,0.72,-8.395,0.59,0.888,122.583
"53","My Boyfriend's Back",0.683,0.885,-6.099,0.629,0.954,135.134
"54","Blowin' in the Wind",0.381,0.0848,-17.77,0.834,0.557,155.036
"55","Wipe Out - Hit Version / Extended Ending",0.336,0.636,-13.785,0.385,0.521,152.423
"56","Sukiyaki",0.415,0.359,-11.094,0.707,0.404,146.029
"57","So Much In Love - Single Version/Bonus Track",0.548,0.493,-10.093,0.806,0.599,75.634
"58","Easier Said Than Done",0.776,0.589,-8.219,0.691,0.926,135.771
"59","Surf City - Remastered 1990/Stereo Remix",0.469,0.647,-13.913,0.595,0.942,147.878
"60","Fingertips - Pt. 2",0.321,0.906,-5.894,0.565,0.335,138.886
"61","Wishin' And Hopin'",0.679,0.38,-10.035,0.237,0.728,108.133
"62","The Little Old Lady (From Pasadena)",0.478,0.817,-5.48,0.548,0.943,145.946
"63","Under the Boardwalk",0.747,0.226,-13.635,0.908,0.778,123.789
"64","Memphis",0.644,0.787,-4.502,0.71,0.687,183.337
"65","House Of The Rising Sun",0.295,0.584,-6.696,0.000385,0.228,117.2
"66","Rag Doll",0.481,0.477,-8.961,0.654,0.68,122.369
"67","A Hard Day's Night - Remastered 2009",0.59,0.805,-6.481,0.137,0.797,138.514
"68","Everybody Loves Somebody",0.366,0.391,-12.322,0.854,0.461,119.182
"69","I Get Around (Stereo) - Remastered",0.398,0.513,-9.652,0.29,0.902,146.099
"70","Where Did Our Love Go",0.566,0.49,-10.867,0.791,0.847,134.934
"71","Save Your Heart For Me",0.622,0.223,-12.4,0.629,0.617,106.873
"72","Cara Mia",0.367,0.707,-9.392,0.29,0.525,127.7
"73","Yes. I'm Ready",0.237,0.377,-8.798,0.902,0.479,173.142
"74","What's New Pussycat?",0.364,0.591,-8.251,0.849,0.59,184.018
"75","Mr. Tambourine Man",0.456,0.47,-9.564,0.513,0.639,120.336
"76","I'm Henry VIII, I Am",0.693,0.891,-4.382,0.251,0.961,98.735
"77","Help! - Remastered 2009",0.534,0.725,-7.576,0.188,0.763,95.003
"78","I Got You Babe",0.629,0.795,-6.02,0.136,0.6,110.583
"79","I Can't Help Myself (Sugar Pie, Honey Bunch)",0.686,0.714,-4.809,0.204,0.964,126.736
"80","(I Can't Get No) Satisfaction - Mono Version",0.723,0.863,-7.89,0.0383,0.931,136.302
"81","See You in September",0.519,0.422,-8.732,0.864,0.803,128.956
"82","Sunshine Superman",0.629,0.677,-7.239,0.122,0.627,132.783
"83","Red Rubber Ball",0.611,0.518,-9.982,0.433,0.792,92.15
"84","Strangers In The Night",0.259,0.473,-8.275,0.592,0.539,90.348
"85","Sunny",0.714,0.338,-10.994,0.93,0.667,128.385
"86","Paperback Writer - Remastered 2015",0.472,0.856,-6.03,0.147,0.841,78.696
"87","Hanky Panky - Single Version",0.646,0.911,-6.228,0.411,0.895,126.122
"88","Li'l Red Riding Hood",0.769,0.381,-9.466,0.613,0.528,122.29
"89","Summer in the City - Remastered",0.423,0.681,-9.756,0.0592,0.559,110.461
"90","Wild Thing",0.458,0.853,-8.575,0.741,0.671,202.509
"91","Baby, I Love You",0.681,0.261,-17.347,0.625,0.795,91.357
"92","San Francisco (Be Sure to Wear Flowers In Your Hair)",0.566,0.505,-10.404,0.428,0.649,113.145
"93","A Whiter Shade Of Pale",0.249,0.66,-6.905,0.504,0.435,149.813
"94","Ode To Billie Joe",0.637,0.189,-10.726,0.721,0.695,120.142
"95","All You Need Is Love - Remastered 2009",0.4,0.48,-7.768,0.346,0.653,103.436
"96","I Was Made To Love Her",0.371,0.613,-6.685,0.0589,0.873,203.732
"97","Little Bit O' Soul - Remastered",0.539,0.694,-8.627,0.384,0.877,131.901
"98","Can't Take My Eyes off You",0.581,0.78,-7.053,0.508,0.561,123.711
"99","Windy - Remastered Version",0.676,0.681,-9.223,0.363,0.901,132.953
"100","Light My Fire",0.413,0.725,-5.787,0.369,0.44,124.618
"101","Born To Be Wild - Single Version",0.439,0.734,-12.168,0.262,0.54,145.703
"102","Classical Gas",0.486,0.701,-10.53,0.852,0.74,155.269
"103","Jumpin' Jack Flash - Mono",0.596,0.901,-7.373,0.0362,0.621,137.359
"104","Lady Willpower",0.524,0.561,-7.655,0.442,0.641,122.948
"105","The Horse",0.647,0.571,-6.003,0.0501,0.922,135.785
"106","Stoned Soul Picnic",0.557,0.448,-12.227,0.2,0.733,93.658
"107","Grazing In The Grass",0.661,0.554,-12.241,0.36,0.906,106.894
"108","People Got to Be Free",0.685,0.696,-8.137,0.466,0.96,126.019
"109","Hello, I Love You",0.597,0.554,-14.144,0.029,0.963,117.835
"110","This Guy's In Love With You",0.635,0.167,-12.998,0.858,0.246,83.768
"111","A Boy Named Sue - Live at San Quentin State Prison, San Quentin, CA - February 1969",0.685,0.486,-11.898,0.758,0.892,101.539
"112","Sweet Caroline",0.556,0.261,-8.87,0.452,0.623,126.858
"113","What Does It Take (To Win Your Love)",0.637,0.481,-11.078,0.0858,0.718,109.484
"114","Good Morning Starshine - Re-Recording",0.691,0.513,-9.625,0.51,0.835,124.98
"115","One - Single Version",0.55,0.409,-12.702,0.312,0.405,61.226
"116","Spinning Wheel",0.692,0.37,-14.261,0.413,0.582,96.748
"117","Love Theme From Romeo And Juliet",0.4,0.118,-16.286,0.98,0.173,75.741
"118","Crystal Blue Persuasion (45 Version)",0.63,0.292,-13.263,0.243,0.765,99.348
"119","Honky Tonk Women - Mono Version",0.559,0.718,-8.534,0.364,0.965,120.24
"120","In the Year 2525",0.437,0.605,-5.5,0.00924,0.581,125.114
"121","In the Summertime",0.754,0.449,-14.013,0.724,0.973,82.751
"122","Signed, Sealed, Delivered (I'm Yours)",0.672,0.595,-11.227,0.0518,0.871,108.897
"123","Spill The Wine",0.828,0.473,-13.591,0.363,0.956,119.731
"124","Band Of Gold - Rerecorded",0.701,0.602,-10.776,0.438,0.959,108.758
"125","Ball Of Confusion (That's What The World Is Today) - Single Version/Mono",0.597,0.626,-10.207,0.13,0.899,80.783
"126","War - Single Version",0.591,0.781,-9.68,0.0677,0.709,109.481
"127","The Love You Save",0.755,0.713,-10.953,0.411,0.946,113.656
"128","I Found That Girl",0.531,0.379,-11.937,0.476,0.662,92.204
"129","Make It with You",0.629,0.356,-11.135,0.66,0.472,83.886
"130","Mama Told Me (Not To Come) - Single Version",0.673,0.673,-13.941,0.373,0.825,119.994
"131","(They Long To Be) Close To You",0.543,0.241,-14.59,0.669,0.205,89.078
"132","Signs",0.446,0.731,-10.302,0.243,0.723,153.672
"133","Treat Her Like A Lady",0.775,0.476,-8.539,0.191,0.928,131.4
"134","Draggin' the Line",0.669,0.583,-9.165,0.0521,0.647,114.548
"135","Don't Pull Your Love",0.627,0.59,-12.019,0.364,0.902,100.543
"136","Take Me Home, Country Roads",0.462,0.395,-9.376,0.758,0.625,82.259
"137","Mr. Big Stuff",0.886,0.491,-12.589,0.29,0.971,93.236
"138","You've Got a Friend",0.695,0.282,-15.359,0.681,0.445,91.681
"139","Indian Reservation (The Lament of the Cherokee Reservation Indian)",0.639,0.385,-13.253,0.284,0.209,131.714
"140","It's Too Late",0.45,0.441,-12.718,0.498,0.811,208.282
"141","I Feel the Earth Move",0.711,0.576,-8.784,0.648,0.645,120.116
"142","How Can You Mend A Broken Heart",0.335,0.262,-13.832,0.548,0.203,68.82
"143","Where Is the Love",0.552,0.386,-15.39,0.252,0.583,114.969
"144","Song Sung Blue - Single Version",0.55,0.334,-15.681,0.487,0.373,109.158
"145","I'm Still in Love with You",0.712,0.399,-9.551,0.159,0.799,97.918
"146","Daddy Don't You Walk So Fast - Re-Recorded In Stereo",0.472,0.503,-10.018,0.467,0.443,152.728
"147","Long Cool Woman (In a Black Dress) - 1999 Remaster",0.757,0.868,-9.326,0.411,0.815,138.923
"148","Too Late To Turn Back Now",0.516,0.73,-7.136,0.344,0.907,115.126
"149","(If Loving You Is Wrong) I Don't Want to Be Right",0.502,0.451,-7.423,0.283,0.531,140.474
"150","Lean on Me",0.619,0.22,-13.843,0.782,0.423,75.16
"151","Brandy (You're a Fine Girl)",0.715,0.625,-11.369,0.396,0.826,125.275
"152","Alone Again (Naturally)",0.558,0.464,-8.488,0.583,0.559,171.762
"153","Yesterday Once More",0.253,0.391,-13.662,0.7,0.362,168.96
"154","Kodachrome",0.592,0.705,-10.276,0.0291,0.902,135.754
"155","Let's Get It On",0.55,0.611,-10.657,0.0392,0.626,168.512
"156","Give Me Love (Give Me Peace On Earth) - 2014 Mix",0.373,0.57,-11.56,0.497,0.631,81.28
"157","Live And Let Die - Remastered 1993",0.412,0.393,-13.316,0.0742,0.183,154.241
"158","The Morning After - Single Version",0.408,0.511,-7.225,0.475,0.354,80.176
"159","Touch Me In The Morning",0.355,0.615,-7.21,0.454,0.603,137.19
"160","Brother Louie",0.697,0.498,-9.147,0.101,0.85,103.77
"161","Will It Go Round In Circles",0.677,0.871,-7.997,0.284,0.898,98.446
"162","Bad, Bad Leroy Brown",0.674,0.795,-7.461,0.517,0.876,147.959
"163","Don't Let The Sun Go Down On Me",0.424,0.446,-8.526,0.121,0.354,139.701
"164","Sundown",0.794,0.427,-15.492,0.334,0.751,105.732
"165","Rock the Boat",0.597,0.581,-9.72,0.257,0.885,107.202
"166","Tell Me Something Good",0.657,0.546,-9.738,0.616,0.757,73.131
"167","Billy, Don't Be A Hero",0.71,0.691,-10.169,0.0403,0.963,122.156
"168","Rock Your Baby",0.595,0.824,-9.768,0.166,0.941,104.484
"169","The Night Chicago Died",0.774,0.585,-9.679,0.0829,0.662,109.731
"170","Feel Like Makin' Love",0.681,0.264,-21.861,0.833,0.692,93.809
"171","(You're) Having My Baby",0.596,0.589,-8.747,0.551,0.587,75.288
"172","Annie's Song",0.325,0.308,-11.503,0.92,0.447,147.117
"173","Someone Saved My Life Tonight",0.457,0.447,-8.181,0.382,0.166,129.619
"174","I'm Not In Love",0.394,0.663,-11.117,0.678,0.21,133.464
"175","Fallin' in Love (Re-Recorded)",0.611,0.331,-18.131,0.389,0.758,90.745
"176","Listen To What The Man Said - 1993 Digital Remaster",0.502,0.54,-10.624,0.0328,0.531,113.171
"177","Please Mr. Please",0.463,0.453,-13.204,0.371,0.561,145.796
"178","The Hustle - Original Mix",0.627,0.875,-10.291,0.232,0.854,110.521
"179","Rhinestone Cowboy",0.644,0.633,-8.006,0.102,0.647,115.193
"180","Jive Talkin' - From ""Saturday Night Fever"" Soundtrack",0.811,0.545,-12.969,0.155,0.734,105.911
"181","Love Will Keep Us Together",0.621,0.788,-4.326,0.354,0.926,129.62
"182","One of These Nights - 2013 Remaster",0.655,0.606,-10.385,0.0603,0.765,110.061
"183","I'd Really Love to See You Tonight",0.62,0.556,-12.044,0.184,0.592,119.172
"184","(Shake, Shake, Shake) Shake Your Booty - Single Version",0.647,0.878,-10.773,0.00741,0.945,112.118
"185","Silly Love Songs - Remastered 1993",0.739,0.335,-16.23,0.184,0.818,125.11
"186","Let 'Em In - Remastered 1993",0.754,0.368,-15.8,0.456,0.629,88.062
"187","You'll Never Find Another Love Like Mine",0.691,0.718,-8.457,0.148,0.934,110.621
"188","Love Is Alive",0.77,0.553,-13.632,0.0614,0.904,98.346
"189","You Should Be Dancing - Edit / From ""Saturday Night Fever"" Soundtrack",0.681,0.716,-10.911,0.0182,0.963,123.009
"190","Afternoon Delight",0.491,0.439,-11.67,0.529,0.808,147.062
"191","Kiss and Say Goodbye",0.645,0.42,-10.09,0.555,0.583,129.084
"192","Don't Go Breaking My Heart",0.742,0.863,-7.823,0.177,0.776,131.193
"193","Do You Wanna Make Love",0.694,0.413,-9.1,0.348,0.542,109.967
"194","My Heart Belongs to Me",0.274,0.209,-15.723,0.743,0.297,139.316
"195","Easy",0.589,0.384,-15.075,0.112,0.354,132.909
"196","Looks Like We Made It",0.297,0.481,-7.681,0.574,0.456,139.896
"197","Undercover Angel - Rerecorded Version",0.672,0.527,-9.94,0.321,0.797,103.122
"198","I'm In You",0.33,0.494,-7.16,0.147,0.143,98.478
"199","Da Doo Ron Ron",0.567,0.585,-11.553,0.107,0.876,143.555
"200","(Your Love Has Lifted Me) Higher And Higher",0.648,0.622,-10.247,0.0429,0.736,117.563
"201","Best of My Love",0.784,0.713,-6.865,0.447,0.97,115.443
"202","I Just Want To Be Your Everything",0.652,0.647,-7.441,0.162,0.833,97.008
"203","Still The Same",0.709,0.767,-6.732,0.405,0.557,115.64
"204","Use Ta Be My Girl",0.559,0.505,-11.855,0.426,0.81,112.351
"205","Hot Blooded",0.705,0.806,-4.83,0.229,0.763,117.945
"206","Last Dance - Single Version",0.529,0.722,-10.241,0.137,0.252,126.356
"207","Boogie Oogie Oogie - Single Version 2 / Remastered 1999",0.835,0.522,-10.828,0.0991,0.91,123.934
"208","Baker Street",0.497,0.349,-14,0.0929,0.421,113.762
"209","Miss You - Remastered",0.795,0.71,-4.746,0.443,0.845,109.689
"210","Grease",0.821,0.365,-12.118,0.249,0.85,109.638
"211","Three Times A Lady",0.486,0.227,-11.818,0.832,0.0929,74.454
"212","Shadow Dancing",0.746,0.593,-9.636,0.139,0.958,101.905
"213","Gold",0.75,0.318,-16.104,0.654,0.372,126.929
"214","Boogie Wonderland",0.802,0.756,-10.791,0.0843,0.963,131.715
"215","After the Love Has Gone",0.424,0.443,-13.45,0.532,0.391,131.675
"216","Makin' It (Re-Recorded)",0.882,0.562,-7.67,0.0475,0.926,129.99
"217","The Main Event / Fight",0.722,0.711,-13.635,0.0211,0.759,137.285
"218","My Sharona",0.586,0.7,-9.558,0.0589,0.897,147.245
"219","Hot Stuff",0.832,0.735,-13.937,0.00635,0.965,120.455
"220","Good Times",0.87,0.657,-7.32,0.149,0.893,110.596
"221","Ring My Bell - Short Version",0.836,0.549,-9.03,0.0368,0.965,125.176
"222","Bad Girls",0.874,0.678,-14.444,0.00429,0.971,120.49
"223","Upside Down",0.883,0.903,-5.129,0.0768,0.878,107.965
"224","The Rose",0.347,0.228,-9.667,0.901,0.184,133.574
"225","Medley: Cupid / I've Loved Your for a Long Time",0.74,0.686,-9.501,0.199,0.933,123.078
"226","Emotional Rescue - Remastered 2009",0.678,0.621,-5.478,0.111,0.776,113.389
"227","Take Your Time (Do It Right)",0.863,0.538,-13.924,0.0129,0.877,118.931
"228","Sailing",0.469,0.382,-13.203,0.364,0.178,149.994
"229","Little Jeannie",0.608,0.391,-17.042,0.554,0.751,143.665
"230","Coming Up [Live at Glasgow, 1979] - 2011 Remaster",0.578,0.751,-7.803,0.147,0.684,137.023
"231","Magic",0.697,0.611,-5.997,0.0178,0.603,103.77
"232","It's Still Rock and Roll to Me",0.752,0.684,-7.599,0.0994,0.539,141.075
"233","All Those Years Ago - 2004 Mix",0.555,0.639,-6.832,0.137,0.518,125.77
"234","Queen Of Hearts",0.658,0.862,-9.963,0.211,0.969,169.532
"235","Elvira",0.825,0.285,-17.491,0.188,0.86,126.946
"236","I Don't Need You - Remastered 2006",0.474,0.282,-13.653,0.603,0.309,134.952
"237","The One That You Love",0.396,0.479,-8.072,0.728,0.184,109.973
"238","Slow Hand",0.826,0.558,-7.766,0.403,0.359,110.77
"239","Believe It or Not (Theme from ""Greatest American Hero"")",0.521,0.743,-5.903,0.249,0.451,117.129
"240","Endless Love",0.479,0.293,-11.562,0.597,0.175,93.645
"241","Bette Davis Eyes",0.675,0.649,-10.271,0.0204,0.596,116.624
"242","Jessie's Girl",0.727,0.832,-5.851,0.164,0.822,131.703
"243","Keep the Fire Burnin'",0.445,0.818,-9.797,0.15,0.777,104.531
"244","Let It Whip",0.826,0.9,-4.383,0.112,0.954,132.099
"245","Even the Nights Are Better",0.434,0.507,-10.422,0.565,0.236,115.309
"246","Rosanna",0.384,0.512,-13.035,0.0213,0.739,78.442
"247","Hard to Say I'm Sorry / Get Away - 2006 Remaster",0.398,0.57,-7.068,0.056,0.234,140.974
"248","Don't You Want Me",0.731,0.738,-8.125,0.184,0.958,117.656
"249","Hold Me - 2016 Remaster",0.699,0.741,-8.488,0.337,0.864,125.698
"250","Abracadabra",0.791,0.535,-13.261,0.0749,0.963,127.488
"251","Hurts So Good",0.785,0.737,-5.306,0.042,0.971,125.447
"252","Eye of the Tiger",0.815,0.438,-14.522,0.216,0.552,108.965
"253","Wanna Be Startin' Somethin'",0.842,0.872,-8.234,0.0259,0.906,122.111
"254","Stand Back - 2016 Remaster",0.684,0.848,-7.908,0.109,0.653,116.027
"255","Is There Something I Should Know?",0.57,0.967,-4.956,0.0218,0.776,124.856
"256","Never Gonna Let You Go",0.639,0.403,-12.401,0.567,0.324,132.56
"257","She Works Hard For The Money",0.758,0.638,-13.01,0.00486,0.984,136.502
"258","Electric Avenue",0.966,0.5,-7.692,0.192,0.799,121.996
"259","Maniac",0.611,0.704,-6.708,0.0553,0.731,156.69
"260","Sweet Dreams (Are Made of This) - Remastered",0.692,0.711,-7.498,0.225,0.875,125.135
"261","Flashdance...What a Feeling - Radio Edit",0.572,0.654,-7.027,0.0058,0.399,122.491
"262","Every Breath You Take - Remastered 2003",0.813,0.46,-9.78,0.56,0.729,117.387
"263","Missing You",0.552,0.552,-9.736,0.052,0.593,208.571
"264","Eyes Without A Face",0.391,0.815,-6.197,0.0177,0.647,84.383
"265","State of Shock",0.98,0.846,-7.696,0.283,0.891,121.562
"266","The Reflex",0.556,0.9,-6.11,0.123,0.804,126.686
"267","Jump (For My Love)",0.842,0.697,-13.796,0.161,0.916,134.533
"268","Stuck On You",0.522,0.346,-15.462,0.258,0.27,131.692
"269","Dancing In the Dark",0.527,0.942,-5.64,0.0115,0.495,148.723
"270","What's Love Got to Do with It",0.851,0.406,-11.631,0.219,0.793,97.84
"271","Ghostbusters",0.787,0.588,-14.228,0.0192,0.803,115.513
"272","When Doves Cry",0.729,0.989,-4.613,0.0102,0.84,126.47
"273","Freeway Of Love",0.693,0.839,-9.634,0.282,0.849,126.165
"274","Never Surrender",0.552,0.538,-11.085,0.516,0.401,104.131
"275","Raspberry Beret",0.761,0.67,-12.759,0.21,0.91,120.752
"276","If You Love Somebody Set Them Free",0.627,0.849,-10.61,0.137,0.817,125.058
"277","St. Elmos Fire (Man in Motion)",0.612,0.6,-10.945,0.15,0.471,111.203
"278","Sussudio - 2016 Remaster",0.714,0.935,-5.195,0.0529,0.725,121.232
"279","A View to a Kill",0.706,0.814,-5.405,0.0159,0.778,125.472
"280","The Power Of Love",0.768,0.829,-5.109,0.0964,0.962,118.773
"281","Every Time You Go Away",0.608,0.604,-12.285,0.169,0.673,164.254
"282","Shout",0.511,0.942,-10.407,0.174,0.498,97.909
"283","Danger Zone - From ""Top Gun"" Original Soundtrack",0.552,0.871,-7.251,0.154,0.737,156.786
"284","Mad About You",0.574,0.728,-7.267,0.000924,0.373,143.885
"285","Holding Back the Years",0.673,0.507,-9.882,0.47,0.574,86.105
"286","Venus",0.722,0.961,-4.812,0.0883,0.91,126.113
"287","There'll Be Sad Songs (To Make You Cry)",0.563,0.458,-7.673,0.748,0.259,79.738
"288","Higher Love - Full Album Version",0.702,0.779,-12.267,0.0561,0.949,98.7
"289","Invisible Touch",0.685,0.931,-2.746,0.284,0.834,131.053
"290","Sledgehammer",0.641,0.667,-7.349,0.0436,0.446,96.35
"291","Glory of Love",0.518,0.585,-8.485,0.0778,0.312,144.998
"292","Papa Don't Preach",0.807,0.906,-8.973,0.311,0.971,121.54
"293","Luka",0.63,0.697,-10.654,0.189,0.796,124.956
"294","Heart And Soul",0.457,0.667,-8.723,0.405,0.6,179.853
"295","Only in My Dreams",0.612,0.796,-10.885,0.124,0.895,124.854
"296","Who's That Girl",0.625,0.646,-13.592,0.214,0.826,103.893
"297","I Want Your Sex - Pts. 1 & 2 Remastered",0.812,0.6,-13.418,0.00509,0.8,99.189
"298","La Bamba",0.506,0.764,-12.239,0.144,0.868,156.336
"299","Shakedown - Remastered",0.571,0.938,-6.425,0.0391,0.508,170.677
"300","I Still Haven't Found What I'm Looking For - Remastered 2007",0.565,0.764,-9.43,0.0139,0.686,100.891
"301","I Wanna Dance with Somebody (Who Loves Me)",0.709,0.824,-8.824,0.207,0.867,118.814
"302","Alone",0.418,0.452,-13.099,0.638,0.168,175.088
"303","I Don't Wanna Live Without Your Love",0.432,0.669,-5.46,0.173,0.152,145.725
"304","I Don't Wanna Go On With You Like That",0.643,0.89,-8.359,0.042,0.965,134.9
"305","Make Me Lose Control",0.724,0.619,-9.074,0.0728,0.746,109.029
"306","Sweet Child O' Mine",0.449,0.901,-7.711,0.141,0.696,125.148
"307","Hands To Heaven",0.543,0.384,-15.018,0.242,0.407,128.768
"308","Pour Some Sugar On Me (2012)",0.497,0.849,-5.352,0.00985,0.72,169.937
"309","Hold On To The Nights",0.353,0.207,-14.718,0.656,0.184,144.539
"310","Monkey - Remastered",0.683,0.879,-9.487,0.0955,0.702,97.062
"311","The Flame",0.629,0.581,-11.856,0.513,0.359,97.074
"312","Roll With It",0.759,0.645,-13.352,0.07,0.954,117.254
"313","So Alive",0.7,0.569,-13.991,0.00545,0.924,118.829
"314","Good Thing",0.747,0.586,-10.119,0.0708,0.893,164.718
"315","Baby Don't Forget My Number",0.851,0.649,-12.877,0.00543,0.846,100.302
"316","Don't Wanna Lose You",0.545,0.356,-14.127,0.413,0.465,82.214
"317","On Our Own",0.659,0.899,-6.207,0.0035,0.562,101.802
"318","If You Don't Know Me by Now - 2008 Remaster",0.638,0.352,-9.266,0.492,0.204,94.173
"319","Batdance",0.594,0.702,-9.894,0.168,0.466,135.406
"320","Cold Hearted",0.879,0.679,-8.59,0.149,0.724,122.38
"321","Toy Soldiers",0.522,0.441,-11.703,0.416,0.199,130.133
"322","Right Here Waiting",0.395,0.252,-13.589,0.8,0.126,177.679
"323","Unskinny Bop",0.574,0.93,-2.949,0.0657,0.69,92.303
"324","Rub You The Right Way",0.66,0.873,-6.952,0.0152,0.864,111.872
"325","The Power",0.752,0.729,-15.565,0.0814,0.572,108.91
"326","It Must Have Been Love - From the Film ""Pretty Woman""",0.52,0.652,-6.655,0.34,0.722,80.609
"327","Hold On",0.728,0.464,-11.156,0.0865,0.383,96.944
"328","If Wishes Came True",0.493,0.453,-10.878,0.0944,0.188,143.725
"329","Step by Step",0.787,0.63,-12.295,0.0274,0.882,125.347
"330","Cradle Of Love",0.612,0.942,-4.588,0.0163,0.622,144.038
"331","She Ain't Worth It",0.782,0.881,-7.763,0.0418,0.909,102.491
"332","Vision of Love",0.256,0.463,-10.959,0.442,0.354,205.362
"333","Fading Like A Flower (Every Time You Leave)",0.609,0.668,-5.738,0.195,0.319,105.419
"334","I Wanna Sex You Up - Single Mix",0.551,0.591,-8.404,0.00549,0.474,201.799
"335","Summertime",0.677,0.54,-14.439,0.0455,0.469,95.116
"336","It Ain't Over 'Til It's Over",0.679,0.568,-10.74,0.422,0.93,159.69
"337","Every Heartbeat",0.648,0.89,-3.834,0.288,0.808,126.956
"338","Right Here Right Now",0.657,0.608,-13.565,0.0088,0.723,106.862
"339","Unbelievable",0.637,0.849,-6.855,0.000341,0.936,104.074
"340","Rush Rush",0.706,0.44,-11.577,0.763,0.395,90.012
"341","(Everything I Do) I Do It For You",0.526,0.365,-12.605,0.0775,0.253,131.253
"342","Life Is A Highway",0.683,0.751,-10.184,0.0681,0.841,103.036
"343","November Rain",0.294,0.641,-9.316,0.0163,0.226,79.759
"344","Under the Bridge",0.559,0.345,-13.496,0.0576,0.458,84.581
"345","This Used to Be My Playground",0.499,0.308,-11.692,0.754,0.0708,75.91
"346","Achy Breaky Heart",0.8,0.563,-10.209,0.051,0.961,121.808
"347","Just Another Day",0.717,0.642,-10.727,0.0194,0.732,105.894
"348","I'll Be There (feat. Trey Lorenz) - Live at MTV Unplugged, Kaufman Astoria StuLive at MTV Unplugged, Kaufman Astoria Studios, New York - March 1992dios, New York - March 1992",0.404,0.498,-9.855,0.687,0.284,81.951
"349","Baby-Baby-Baby",0.679,0.597,-8.601,0.0913,0.9,184.174
"350","End Of The Road",0.64,0.427,-9.29,0.0664,0.529,149.703
"351","Baby Got Back",0.937,0.654,-11.187,0.00533,0.607,128.462
"352","If I Had No Loot",0.873,0.721,-9.774,0.113,0.81,106.725
"353","Show Me Love",0.811,0.833,-4.259,0.014,0.567,120.258
"354","Knockin' da Boots",0.726,0.501,-13.884,0.155,0.582,128.099
"355","Slam",0.876,0.71,-12.908,0.0654,0.724,98.305
"356","I'm Gonna Be (500 Miles)",0.851,0.551,-5.177,0.151,0.807,131.922
"357","Lately",0.377,0.315,-12.641,0.631,0.27,126.168
"358","That's The Way Love Goes",0.703,0.7,-6.789,0.302,0.582,97.675
"359","Weak",0.693,0.533,-10.954,0.107,0.568,127.661
"360","Whoomp! (There It Is)",0.798,0.649,-7.392,0.00138,0.433,129.422
"361","(I Can't Help) Falling In Love With You",0.642,0.722,-13.031,0.0444,0.836,172.406
"362","Back & Forth",0.706,0.727,-8.06,0.0698,0.903,92.938
"363","I'll Make Love To You",0.567,0.501,-8.038,0.0995,0.2,142.589
"364","Wild Night",0.665,0.888,-4.433,0.0695,0.951,144.339
"365","Any Time, Any Place",0.571,0.232,-11.309,0.604,0.207,128.785
"366","Regulate",0.849,0.521,-12.999,0.304,0.763,95.265
"367","Can You Feel the Love Tonight - End Title/ From ""The Lion King""/Soundtrack Version",0.309,0.181,-17.022,0.87,0.146,124.711
"368","Fantastic Voyage",0.889,0.768,-9.148,0.128,0.808,104.653
"369","Don't Turn Around",0.745,0.771,-8.231,0.00104,0.752,95.623
"370","Stay",0.676,0.592,-6.887,0.454,0.337,80.316
"371","I Swear",0.532,0.407,-9.658,0.235,0.23,83.207
"372","Run-Around",0.629,0.867,-7.307,0.0865,0.876,151.695
"373","Have You Ever Really Loved A Woman?",0.57,0.478,-10.185,0.536,0.358,145.517
"374","Total Eclipse of the Heart",0.603,0.789,-8.939,0.00682,0.486,136.049
"375","Water Runs Dry",0.589,0.368,-12.979,0.475,0.523,89.626
"376","Boombastic",0.866,0.538,-16.183,0.242,0.78,158.323
"377","In The Summertime",0.733,0.684,-13.822,0.253,0.962,173.61
"378","I Can Love You Like That",0.635,0.712,-4.998,0.0811,0.423,91.024
"379","Kiss from a Rose",0.583,0.532,-7.11,0.684,0.223,131.741
"380","One More Chance / Stay with Me - Radio Edit; 2014 Remaster",0.77,0.693,-5.632,0.112,0.627,92.202
"381","Don't Take It Personal (Just One of Dem Days)",0.731,0.355,-12.741,0.00864,0.529,175.72
"382","Waterfalls",0.77,0.505,-7.345,0.311,0.757,171.798
"383","Because You Loved Me (Theme from ""Up Close and Personal"")",0.614,0.466,-9.881,0.314,0.178,119.916
"384","Always Be My Baby",0.649,0.531,-8.335,0.457,0.488,78.946
"385","I Love You Always Forever",0.744,0.453,-11.977,0.627,0.122,103.773
"386","C'mon N' Ride It (The Train)",0.843,0.959,-4.933,0.0913,0.923,135.988
"387","Twisted",0.615,0.514,-9.759,0.393,0.822,175.849
"388","How Do U Want It",0.828,0.81,-2.151,0.121,0.838,92.46
"389","California Love - Original Version",0.763,0.85,-3.052,0.0304,0.761,91.519
"390","Tha Crossroads",0.679,0.509,-7.31,0.0856,0.534,144.29
"391","Give Me One Reason",0.608,0.419,-10.016,0.602,0.602,100.22
"392","You're Makin' Me High",0.852,0.563,-8.663,0.0117,0.893,92.112
"393","Let It Flow - from ""Waiting to Exhale"" Original Soundtrack",0.66,0.489,-7.618,0.507,0.675,168.171
"394","Macarena - Bayside Boys Remix",0.741,0.868,-8.589,0.249,0.947,103.201
"395","Look into My Eyes",0.775,0.598,-5.898,0.0468,0.597,144.043
"396","Do You Know (What It Takes)",0.635,0.74,-4.439,0.00465,0.857,200.102
"397","Mo Money Mo Problems (feat. Puff Daddy & Mase) - 2014 Remaster",0.845,0.884,-4.506,0.0128,0.904,104.536
"398","Say You'll Be There",0.726,0.679,-6.219,0.0149,0.751,107.02
"399","Semi-Charmed Life",0.64,0.864,-6.576,0.00832,0.7,102.026
"400","Return of the Mack",0.715,0.833,-5.379,0.00631,0.612,95.487
"401","Quit Playing Games (With My Heart)",0.8,0.875,-4.952,0.0615,0.882,100.033
"402","MMMBop",0.683,0.937,-6.335,0.00481,0.619,104.872
"403","Bitch",0.617,0.886,-5.953,0.0112,0.629,96.328
"404","I'll Be Missing You (feat. Faith Evans & 112)",0.709,0.347,-9.055,0.548,0.37,109.882
"405","All My Life",0.629,0.511,-8.651,0.114,0.181,128.038
"406","Crush",0.733,0.706,-5.652,0.0262,0.598,115.04
"407","Make It Hot (feat. Missy Elliott & Mocha)",0.76,0.458,-8.834,0.376,0.581,84.08
"408","My All",0.4,0.317,-10.249,0.732,0.108,107.845
"409","Adia",0.526,0.37,-10.535,0.722,0.251,76.002
"410","My Way",0.815,0.521,-8.178,0.0105,0.887,90.079
"411","Too Close - Radio Edit",0.847,0.402,-9.841,0.0116,0.754,99.684
"412","You're Still The One",0.551,0.527,-7.119,0.45,0.642,133.758
"413","The Boy Is Mine",0.704,0.707,-6.537,0.539,0.761,93.145
"414","Tell Me It's Real",0.687,0.532,-6.763,0.214,0.582,134.283
"415","It's Not Right But It's Okay",0.806,0.802,-7.076,0.162,0.529,127.931
"416","Wild Wild West - Album Version - No Intro",0.846,0.659,-6.888,0.0615,0.622,107.014
"417","All Star",0.731,0.867,-5.881,0.0395,0.776,104.019
"418","Where My Girls At",0.705,0.725,-7.435,0.0352,0.76,92.186
"419","I Want It That Way",0.689,0.694,-5.83,0.257,0.482,99.039
"420","Last Kiss",0.622,0.692,-6.97,0.363,0.774,112.053
"421","Bills, Bills, Bills",0.845,0.576,-5.15,0.139,0.461,127.641
"422","If You Had My Love",0.68,0.625,-7,0.0645,0.814,94.02
"423","Genie in a Bottle",0.633,0.792,-6.968,0.185,0.918,175.795
"424","Absolutely (Story of a Girl) - Radio Mix",0.481,0.94,-5.204,0.000891,0.66,96.493
"425","Incomplete",0.746,0.443,-7.693,0.282,0.272,119.311
"426","Higher",0.459,0.83,-6.254,5.15e-05,0.431,155.827
"427","Jumpin', Jumpin'",0.771,0.685,-4.639,0.00543,0.683,88.997
"428","I Wanna Know",0.725,0.487,-5.959,0.26,0.599,136.086
"429","Everything You Want",0.637,0.759,-6.389,0.0504,0.741,93.898
"430","Doesn't Really Matter",0.773,0.8,-2.875,0.0791,0.791,99.295
"431","Try Again",0.783,0.58,-7.398,0.0817,0.762,93.026
"432","It's Gonna Be Me",0.636,0.873,-4.672,0.0407,0.908,165.071
"433","Bent",0.518,0.83,-6.814,0.0404,0.527,95.468
"434","All or Nothing",0.644,0.473,-5.201,0.205,0.252,126.925
"435","Fallin'",0.653,0.609,-7.519,0.263,0.482,95.982
"436","Where the Party At (feat. Nelly)",0.596,0.661,-6.239,0.31,0.86,129.491
"437","Bootylicious",0.84,0.835,-4.386,0.00281,0.637,103.376
"438","Peaches & Cream",0.677,0.52,-6.255,0.00277,0.768,203.862
"439","Drops of Jupiter (Tell Me)",0.468,0.64,-5.862,0.154,0.499,79.297
"440","Hit 'Em Up Style (Oops!)",0.667,0.773,-4.983,0.201,0.667,89.976
"441","Hanging By A Moment",0.541,0.864,-4.915,0.00118,0.435,124.557
"442","Let Me Blow Ya Mind",0.908,0.557,-4.243,0.242,0.897,90.032
"443","U Remind Me",0.657,0.629,-4.938,0.194,0.726,93.985
"444","Just a Friend 2002 - Radio Edit",0.538,0.677,-6.099,0.00541,0.913,132.346
"445","A Thousand Miles",0.56,0.825,-3.862,0.323,0.268,94.931
"446","Foolish",0.665,0.695,-5.763,0.347,0.707,90.119
"447","The Middle",0.634,0.85,-5.31,0.0358,0.913,162.166
"448","Hero (feat. Josey Scott)",0.427,0.843,-4.54,0.00216,0.304,147.387
"449","I Need a Girl (Pt. 2) [feat. Loon, Ginuwine & Mario Winans]",0.713,0.471,-7.392,0.421,0.781,199.765
"450","Without Me",0.91,0.661,-2.814,0.00276,0.643,112.251
"451","Dilemma",0.727,0.552,-8.074,0.227,0.607,168.189
"452","Complicated",0.585,0.776,-5.898,0.0572,0.427,77.987
"453","Hot In Herre",0.956,0.745,-4.753,0.206,0.912,107.075
"454","Never Leave You (Uh Oooh, Uh Oooh)",0.811,0.657,-6.197,0.0391,0.777,199.958
"455","P.I.M.P.",0.7,0.758,-3.012,0.0444,0.889,78.693
"456","This Is The Night",0.528,0.56,-8.296,0.151,0.372,99.037
"457","Bring Me To Life",0.331,0.943,-3.188,0.00721,0.296,94.612
"458","Get Busy",0.735,0.824,-4.143,0.615,0.726,100.202
"459","Rock Wit U (Awww Baby)",0.71,0.797,-3.006,0.408,0.849,94.998
"460","Unwell",0.256,0.788,-5.263,0.0298,0.429,80.718
"461","Right Thurr",0.866,0.749,-3.977,0.15,0.891,92.074
"462","Magic Stick",0.849,0.499,-7.872,0.117,0.504,92.982
"463","Crazy In Love (feat. Jay-Z)",0.646,0.77,-6.596,0.00249,0.681,99.165
"464","Sunshine (feat. Lea)",0.814,0.387,-9.867,0.0248,0.792,93.961
"465","Dip It Low - Feat. Fabolous",0.748,0.736,-4.274,0.0132,0.58,169.156
"466","Turn Me On",0.677,0.682,-6.879,0.0405,0.875,106.279
"467","Move Ya Body",0.87,0.712,-6.313,0.0202,0.877,121.057
"468","If I Ain't Got You",0.609,0.445,-9.129,0.603,0.166,118.393
"469","The Reason",0.447,0.668,-4.683,0.0127,0.0695,82.904
"470","Lean Back",0.783,0.916,-3.344,0.11,0.695,95.321
"471","Burn",0.796,0.477,-7.161,0.314,0.685,119.928
"472","Slow Motion",0.713,0.734,-4.894,0.548,0.89,172.872
"473","Confessions Part II",0.845,0.467,-7.674,0.0586,0.702,138.007
"474","You And Me",0.461,0.446,-7.703,0.1,0.375,139.868
"475","Just A Lil Bit",0.489,0.692,-6.672,0.0322,0.527,96.946
"476","Let Me Hold You (feat. Omarion)",0.815,0.662,-8.244,0.0915,0.611,151.518
"477","Lose Control (feat. Ciara & Fat Man Scoop)",0.904,0.813,-7.105,0.0311,0.81,125.461
"478","Don't Phunk With My Heart",0.689,0.929,-2.76,0.00933,0.609,130.899
"479","Behind These Hazel Eyes",0.548,0.889,-4.682,0.00165,0.425,90.048
"480","Pon de Replay",0.779,0.64,-8.415,0.000155,0.498,99.019
"481","Don't Cha",0.877,0.637,-3.493,0.00516,0.569,119.988
"482","Hollaback Girl",0.918,0.918,-2.218,0.344,0.882,110.024
"483","We Belong Together",0.837,0.462,-7.89,0.0339,0.762,139.986
"484","Over My Head (Cable Car)",0.592,0.729,-4.156,0.022,0.709,116.03
"485","Ain't No Other Man",0.862,0.742,-4.722,0.00376,0.511,127.91
"486","Unfaithful",0.588,0.391,-8.607,0.839,0.349,144.069
"487","Ridin'",0.788,0.798,-4.68,0.189,0.836,143.051
"488","Buttons - Featuring Big Snoop Dogg",0.524,0.809,-4.787,0.185,0.532,210.893
"489","It's Goin' Down (feat. Nitti)",0.888,0.577,-7.702,0.0986,0.609,84.003
"490","Me & U",0.803,0.454,-4.802,0.352,0.739,99.99
"491","Crazy",0.835,0.741,-1.609,0.0172,0.612,111.963
"492","Hips Don't Lie (feat. Wyclef Jean)",0.778,0.824,-5.892,0.284,0.756,100.024
"493","Promiscuous",0.795,0.978,-6.097,0.046,0.843,114.321
"494","Make Me Better",0.607,0.599,-6.886,0.33,0.562,86.491
"495","Bartender (feat. Akon)",0.675,0.394,-8.539,0.0611,0.405,104.987
"496","Makes Me Wonder",0.803,0.851,-2.429,0.00485,0.881,113.996
"497","Beautiful Girls",0.745,0.666,-5.899,0.159,0.708,129.995
"498","The Way I Are",0.731,0.807,-6.492,0.181,0.765,114.759
"499","Buy U a Drank (Shawty Snappin') (feat. Yung Joc)",0.451,0.55,-8.137,0.0108,0.594,80.001
"500","Hey There Delilah",0.656,0.291,-10.572,0.872,0.298,103.971
"501","Party Like A Rock Star",0.619,0.709,-4.633,0.00541,0.68,144.972
"502","Big Girls Don't Cry (Personal)",0.708,0.641,-4.296,0.205,0.253,113.082
"503","Umbrella",0.583,0.829,-4.603,0.00864,0.575,174.028
"504","Dangerous",0.949,0.79,-5.957,0.00437,0.807,117.002
"505","Leavin'",0.687,0.71,-5.84,0.0283,0.886,79.235
"506","Disturbia",0.707,0.813,-4.515,0.0863,0.722,124.921
"507","Pocketful of Sunshine",0.721,0.88,-3.896,0.191,0.655,110.021
"508","Forever",0.669,0.822,-4.288,0.0339,0.43,120.011
"509","Bleeding Love",0.638,0.656,-5.886,0.188,0.225,104.036
"510","Viva La Vida",0.485,0.619,-7.115,0.0941,0.416,138.017
"511","Lollipop",0.829,0.428,-9.469,0.056,0.45,148.075
"512","Take A Bow",0.697,0.467,-7.536,0.248,0.572,82.082
"513","I Kissed A Girl",0.699,0.76,-3.173,0.00223,0.696,129.996
"514","Waking Up In Vegas",0.524,0.878,-3.108,0.0012,0.59,130.989
"515","Use Somebody",0.276,0.715,-5.356,0.00552,0.173,137.028
"516","I Know You Want Me (Calle Ocho)",0.82,0.731,-6.02,0.0133,0.793,127.076
"517","LoveGame",0.894,0.677,-5.618,0.00562,0.857,105.029
"518","Fire Burning",0.839,0.804,-2.513,0.0192,0.888,122.973
"519","You Belong With Me",0.687,0.783,-4.44,0.162,0.443,129.964
"520","Best I Ever Had",0.427,0.861,-4.874,0.219,0.581,161.776
"521","Knock You Down",0.588,0.877,-4.78,0.00952,0.645,155.165
"522","Boom Boom Pow",0.867,0.857,-5.892,0.13,0.402,130.048
"523","I Gotta Feeling",0.743,0.766,-6.375,0.0873,0.61,127.96
"524","Not Afraid",0.855,0.954,-1.19,0.529,0.668,114.635
"525","Find Your Love",0.627,0.614,-6.006,0.0211,0.758,96.038
"526","I Like It",0.646,0.94,-2.856,0.0209,0.704,129.011
"527","Cooler Than Me - Single Mix",0.768,0.82,-4.63,0.179,0.625,129.969
"528","Billionaire (feat. Bruno Mars)",0.633,0.673,-6.403,0.297,0.659,86.776
"529","Dynamite",0.754,0.804,-3.177,0.00332,0.818,119.968
"530","OMG",0.781,0.745,-5.81,0.198,0.326,129.998
"531","Airplanes (feat. Hayley Williams)",0.66,0.867,-4.285,0.11,0.377,93.033
"532","Love The Way You Lie",0.749,0.925,-5.034,0.241,0.641,86.989
"533","California Gurls",0.788,0.753,-3.71,0.0038,0.403,125.005
"534","E.T.",0.602,0.863,-5.423,0.0178,0.732,150.183
"535","Tonight Tonight",0.686,0.783,-4.977,0.0764,0.814,99.978
"536","Good Life",0.634,0.69,-7.804,0.0771,0.645,94.988
"537","The Edge Of Glory",0.581,0.772,-6.544,0.000343,0.361,127.952
"538","How To Love",0.644,0.661,-6.093,0.000177,0.272,154.001
"539","Super Bass",0.767,0.738,-7.491,0.0582,0.59,126.938
"540","Last Friday Night (T.G.I.F.)",0.651,0.812,-3.797,0.00125,0.72,126.023
"541","Rolling in the Deep",0.729,0.756,-5.119,0.131,0.522,104.945
"542","Give Me Everything (feat. Ne-Yo, Afrojack & Nayer)",0.673,0.934,-3.206,0.161,0.485,129.027
"543","Party Rock Anthem",0.75,0.727,-4.21,0.0189,0.359,129.993
"544","Starships",0.747,0.716,-2.457,0.135,0.751,125.006
"545","We Are Young (feat. Janelle Monáe)",0.378,0.638,-5.576,0.02,0.735,184.086
"546","Titanium (feat. Sia)",0.604,0.788,-3.673,0.0678,0.301,126.06
"547","Whistle",0.747,0.937,-5.746,0.0208,0.739,103.976
"548","Where Have You Been",0.719,0.847,-6.34,0.00201,0.444,127.963
"549","Lights - Single Version",0.683,0.789,-6.132,0.0283,0.809,120.013
"550","Wide Awake",0.514,0.683,-5.099,0.0749,0.575,159.814
"551","Somebody That I Used To Know",0.864,0.495,-7.036,0.591,0.72,129.062
"552","Payphone",0.739,0.756,-4.828,0.0136,0.523,110.028
"553","Call Me Maybe",0.783,0.58,-6.548,0.0114,0.66,120.021
"554","Come & Get It",0.546,0.787,-4.1,0.0101,0.573,79.979
"555","Cups (Pitch Perfect’s “When I’m Gone”) - Pop Version",0.887,0.441,-8.98,0.0514,0.715,129.908
"556","Treasure",0.874,0.692,-5.28,0.0412,0.937,116.017
"557","Mirrors",0.574,0.512,-6.664,0.234,0.512,76.899
"558","Cruise - Remix",0.525,0.915,-4.351,0.0156,0.623,149.042
"559","Can't Hold Us (feat. Ray Dalton)",0.634,0.927,-4.468,0.027,0.88,146.094
"560","We Can't Stop",0.613,0.622,-5.794,0.00882,0.484,80.003
"561","Get Lucky (feat. Pharrell Williams & Nile Rodgers) - Radio Edit",0.794,0.811,-8.966,0.0426,0.862,116.047
"562","Radioactive",0.448,0.784,-3.686,0.106,0.236,136.245
"563","Blurred Lines",0.853,0.599,-4.756,0.00334,0.843,119.993
"564","Turn Down for What",0.818,0.799,-4.1,0.00107,0.0815,100.014
"565","Summer",0.596,0.856,-3.556,0.0211,0.743,127.949
"566","Happy",0.652,0.757,-6.819,0.286,0.962,159.911
"567","Wiggle (feat. Snoop Dogg)",0.697,0.621,-6.886,0.0802,0.721,81.946
"568","All of Me",0.422,0.264,-7.064,0.922,0.331,119.93
"569","Am I Wrong",0.729,0.675,-6.003,0.175,0.779,119.968
"570","Stay With Me",0.479,0.419,-6.517,0.568,0.186,85.014
"571","Problem",0.66,0.805,-5.352,0.0192,0.625,103.008
"572","Rude",0.774,0.756,-4.995,0.0423,0.931,144.032
"573","Fancy",0.912,0.716,-4.141,0.0904,0.377,94.981
"574","Fight Song",0.564,0.714,-4.987,0.0549,0.33,175.924
"575","The Hills",0.585,0.564,-7.063,0.0671,0.137,113.003
"576","Lean On",0.723,0.809,-3.081,0.00346,0.274,98.007
"577","Shut Up and Dance",0.578,0.866,-3.804,0.00701,0.619,128.038
"578","Trap Queen",0.746,0.873,-3.803,0.0244,0.817,148.075
"579","Watch Me (Whip / Nae Nae)",0.821,0.759,-8.541,0.247,0.962,140.01
"580","Can't Feel My Face",0.705,0.769,-5.526,0.112,0.59,107.939
"581","Bad Blood",0.654,0.655,-7.388,0.0294,0.221,170.16
"582","See You Again (feat. Charlie Puth)",0.689,0.481,-7.503,0.369,0.283,80.025
"583","Cheerleader - Felix Jaehn Remix Radio Edit",0.78,0.68,-6.081,0.141,0.594,118.026
"584","Send My Love (To Your New Lover)",0.69,0.524,-8.39,0.0415,0.562,164.023
"585","Work from Home (feat. Ty Dolla $ign)",0.803,0.585,-5.861,0.103,0.593,105.017
"586","Ride",0.645,0.713,-5.355,0.00835,0.566,74.989
"587","Needed Me",0.671,0.314,-8.091,0.11,0.296,110.898
"588","Panda",0.576,0.766,-4.943,0.028,0.236,144.833
"589","This Is What You Came For (feat. Rihanna)",0.63,0.928,-2.787,0.199,0.465,123.963
"590","Cheap Thrills (feat. Sean Paul)",0.592,0.788,-4.924,0.0599,0.755,89.949
"591","Don't Let Me Down (feat. Daya)",0.532,0.869,-5.094,0.157,0.422,159.803
"592","CAN'T STOP THE FEELING! (Original Song from DreamWorks Animation's ""TROLLS"")",0.669,0.832,-5.72,0.0106,0.7,113.035
"593","One Dance",0.792,0.625,-5.609,0.00776,0.37,103.967
"594","Congratulations",0.63,0.804,-4.183,0.215,0.492,123.146
"595","Body Like A Back Road",0.732,0.458,-7.225,0.447,0.661,98.938
"596","Unforgettable",0.726,0.769,-5.043,0.0293,0.733,97.985
"597","HUMBLE.",0.908,0.621,-6.638,0.000282,0.421,150.011
"598","Believer",0.784,0.78,-4.275,0.0492,0.722,124.953
"599","Shape of You",0.825,0.652,-3.183,0.581,0.931,95.977
"600","Wild Thoughts (feat. Rihanna & Bryson Tiller)",0.613,0.681,-3.089,0.0287,0.619,97.621
"601","I'm the One (feat. Justin Bieber, Quavo, Chance the Rapper & Lil Wayne)",0.599,0.667,-4.267,0.0533,0.817,80.984
"602","That's What I Like",0.853,0.56,-4.961,0.013,0.86,134.066
"603","Despacito - Remix",0.653,0.816,-4.353,0.228,0.816,178.085
"604","Better Now",0.68,0.578,-5.804,0.331,0.341,145.038
"605","God's Plan",0.754,0.449,-9.211,0.0332,0.357,77.169
"606","no tears left to cry",0.699,0.713,-5.507,0.04,0.354,121.993
"607","Boo'd Up",0.561,0.779,-5.107,0.0862,0.235,81.965
"608","Psycho (feat. Ty Dolla $ign)",0.75,0.56,-8.094,0.546,0.459,140.06
"609","Lucid Dreams",0.511,0.566,-7.23,0.349,0.218,83.903
"610","Nice For What",0.585,0.909,-6.474,0.0891,0.758,93.372
"611","Girls Like You",0.611,0.462,-7.054,0.558,0.377,59.635
"612","I Like It",0.816,0.726,-3.998,0.099,0.65,136.048
"613","In My Feelings",0.835,0.626,-5.833,0.0589,0.35,91.03
